filename,mfcc1_mean,mfcc2_mean,mfcc3_mean,pitch_mean,pitch_std,f1_mean,f2_mean,f3_mean
03-01-01-01-01-01-01.wav,-134.42795,114.354576,-13.819464,134.8279708959836,84.29345330816685,907.2303786171005,1983.1560894437016,2988.539993791937
